{
    "name": "root",
    "gauges": {
        "Enemy.Policy.Entropy.mean": {
            "value": 8.014036178588867,
            "min": 7.971860408782959,
            "max": 8.303326606750488,
            "count": 10
        },
        "Enemy.Policy.Entropy.sum": {
            "value": 401262.8125,
            "min": 398114.71875,
            "max": 418238.5625,
            "count": 10
        },
        "Enemy.Environment.EpisodeLength.mean": {
            "value": 524.7234042553191,
            "min": 193.79518072289156,
            "max": 524.7234042553191,
            "count": 10
        },
        "Enemy.Environment.EpisodeLength.sum": {
            "value": 49324.0,
            "min": 47413.0,
            "max": 51913.0,
            "count": 10
        },
        "Enemy.Policy.ExtrinsicValueEstimate.mean": {
            "value": 3.242683172225952,
            "min": 0.7017123103141785,
            "max": 3.242683172225952,
            "count": 10
        },
        "Enemy.Policy.ExtrinsicValueEstimate.sum": {
            "value": 2684.941650390625,
            "min": 636.4530639648438,
            "max": 2684.941650390625,
            "count": 10
        },
        "Enemy.Environment.CumulativeReward.mean": {
            "value": 22.819148936170212,
            "min": 5.991967871485944,
            "max": 22.819148936170212,
            "count": 10
        },
        "Enemy.Environment.CumulativeReward.sum": {
            "value": 2145.0,
            "min": 1030.0,
            "max": 2145.0,
            "count": 10
        },
        "Enemy.Policy.ExtrinsicReward.mean": {
            "value": 22.819148936170212,
            "min": 5.991967871485944,
            "max": 22.819148936170212,
            "count": 10
        },
        "Enemy.Policy.ExtrinsicReward.sum": {
            "value": 2145.0,
            "min": 1030.0,
            "max": 2145.0,
            "count": 10
        },
        "Enemy.Losses.PolicyLoss.mean": {
            "value": 0.025226019631857825,
            "min": 0.02073697618887915,
            "max": 0.025226019631857825,
            "count": 10
        },
        "Enemy.Losses.PolicyLoss.sum": {
            "value": 0.12613009815928913,
            "min": 0.09919599833034833,
            "max": 0.12613009815928913,
            "count": 10
        },
        "Enemy.Losses.ValueLoss.mean": {
            "value": 2.8092739089330037,
            "min": 1.7612138493855791,
            "max": 2.8092739089330037,
            "count": 10
        },
        "Enemy.Losses.ValueLoss.sum": {
            "value": 14.04636954466502,
            "min": 8.806069246927896,
            "max": 14.04636954466502,
            "count": 10
        },
        "Enemy.Policy.LearningRate.mean": {
            "value": 1.6433734522120004e-05,
            "min": 1.6433734522120004e-05,
            "max": 0.0002845881051373,
            "count": 10
        },
        "Enemy.Policy.LearningRate.sum": {
            "value": 8.216867261060002e-05,
            "min": 8.216867261060002e-05,
            "max": 0.0012840768719744001,
            "count": 10
        },
        "Enemy.Policy.Epsilon.mean": {
            "value": 0.10547788,
            "min": 0.10547788,
            "max": 0.1948627,
            "count": 10
        },
        "Enemy.Policy.Epsilon.sum": {
            "value": 0.5273894,
            "min": 0.4999146,
            "max": 0.9280256,
            "count": 10
        },
        "Enemy.Policy.Beta.mean": {
            "value": 0.00028334621200000015,
            "min": 0.00028334621200000015,
            "max": 0.00474364873,
            "count": 10
        },
        "Enemy.Policy.Beta.sum": {
            "value": 0.0014167310600000007,
            "min": 0.0014167310600000007,
            "max": 0.02140847744,
            "count": 10
        },
        "Enemy.IsTraining.mean": {
            "value": 1.0,
            "min": 1.0,
            "max": 1.0,
            "count": 10
        },
        "Enemy.IsTraining.sum": {
            "value": 1.0,
            "min": 1.0,
            "max": 1.0,
            "count": 10
        }
    },
    "metadata": {
        "timer_format_version": "0.1.0",
        "start_time_seconds": "1616005991",
        "python_version": "3.9.1 (tags/v3.9.1:1e5d33e, Dec  7 2020, 17:08:21) [MSC v.1927 64 bit (AMD64)]",
        "command_line_arguments": "D:\\Program Files\\Python39\\Scripts\\mlagents-learn --force",
        "mlagents_version": "0.24.1",
        "mlagents_envs_version": "0.24.1",
        "communication_protocol_version": "1.4.0",
        "pytorch_version": "1.7.1+cu110",
        "numpy_version": "1.20.1",
        "end_time_seconds": "1616006957"
    },
    "total": 965.3445896,
    "count": 1,
    "self": 0.0034719000000222877,
    "children": {
        "run_training.setup": {
            "total": 0.024385300000000054,
            "count": 1,
            "self": 0.024385300000000054
        },
        "TrainerController.start_learning": {
            "total": 965.3167324,
            "count": 1,
            "self": 1.0538353000042662,
            "children": {
                "TrainerController._reset_env": {
                    "total": 11.746292799999999,
                    "count": 1,
                    "self": 11.746292799999999
                },
                "TrainerController.advance": {
                    "total": 952.3582661999957,
                    "count": 50063,
                    "self": 0.47460209999292147,
                    "children": {
                        "env_step": {
                            "total": 951.8836641000028,
                            "count": 50063,
                            "self": 641.094225500004,
                            "children": {
                                "SubprocessEnvManager._take_step": {
                                    "total": 310.2624964000057,
                                    "count": 50063,
                                    "self": 2.656181599999911,
                                    "children": {
                                        "TorchPolicy.evaluate": {
                                            "total": 307.6063148000058,
                                            "count": 50063,
                                            "self": 41.76850730000257,
                                            "children": {
                                                "TorchPolicy.sample_actions": {
                                                    "total": 265.83780750000324,
                                                    "count": 50063,
                                                    "self": 265.83780750000324
                                                }
                                            }
                                        }
                                    }
                                },
                                "workers": {
                                    "total": 0.5269421999930923,
                                    "count": 50063,
                                    "self": 0.0,
                                    "children": {
                                        "worker_root": {
                                            "total": 953.6397667999975,
                                            "count": 50063,
                                            "is_parallel": true,
                                            "self": 367.76942000000975,
                                            "children": {
                                                "steps_from_proto": {
                                                    "total": 0.0004477999999998872,
                                                    "count": 1,
                                                    "is_parallel": true,
                                                    "self": 0.00018469999999837228,