{
    "name": "root",
    "metadata": {
        "timer_format_version": "0.1.0",
        "start_time_seconds": "1615990357",
        "python_version": "3.9.1 (tags/v3.9.1:1e5d33e, Dec  7 2020, 17:08:21) [MSC v.1927 64 bit (AMD64)]",
        "command_line_arguments": "D:\\Program Files\\Python39\\Scripts\\mlagents-learn --resume",
        "mlagents_version": "0.24.1",
        "mlagents_envs_version": "0.24.1",
        "communication_protocol_version": "1.4.0",
        "pytorch_version": "1.7.1+cu110",
        "numpy_version": "1.20.1",
        "end_time_seconds": "1615990450"
    },
    "total": 92.5438894,
    "count": 1,
    "self": 0.0023226999999934606,
    "children": {
        "run_training.setup": {
            "total": 0.024051099999999992,
            "count": 1,
            "self": 0.024051099999999992
        },
        "TrainerController.start_learning": {
            "total": 92.51751560000001,
            "count": 1,
            "self": 0.09634549999988451,
            "children": {
                "TrainerController._reset_env": {
                    "total": 7.644762600000001,
                    "count": 1,
                    "self": 7.644762600000001
                },
                "TrainerController.advance": {
                    "total": 84.54775450000012,
                    "count": 4772,
                    "self": 0.042837400000379944,
                    "children": {
                        "env_step": {
                            "total": 84.50491709999974,
                            "count": 4772,
                            "self": 58.922616099999516,
                            "children": {
                                "SubprocessEnvManager._take_step": {
                                    "total": 25.53968560000005,
                                    "count": 4772,
                                    "self": 0.18881499999997686,
                                    "children": {
                                        "TorchPolicy.evaluate": {
                                            "total": 25.35087060000007,
                                            "count": 4772,
                                            "self": 3.252154599999841,
                                            "children": {
                                                "TorchPolicy.sample_actions": {
                                                    "total": 22.09871600000023,
                                                    "count": 4772,
                                                    "self": 22.09871600000023
                                                }
                                            }
                                        }
                                    }
                                },
                                "workers": {
                                    "total": 0.04261540000018371,
                                    "count": 4771,
                                    "self": 0.0,
                                    "children": {
                                        "worker_root": {
                                            "total": 45.124325299999924,
                                            "count": 4771,
                                            "is_parallel": true,
                                            "self": 29.999898499999848,
                                            "children": {
                                                "steps_from_proto": {
                                                    "total": 0.0003158999999994805,
                                                    "count": 1,
                                                    "is_parallel": true,
                                                    "self": 0.0001621999999983359,
                                                    "children": {
                                                        "_process_vector_observation": {
                                                            "total": 0.0001537000000011446,
                                                            "count": 4,
                                                            "is_parallel": true,
                                                            "self": 0.0001537000000011446
                                                        }
                                                    }
                                                },
                                                "UnityEnvironment.step": {
                                                    "total": 15.124110900000076,
                                                    "count": 4771,
                                                    "is_parallel": true,
                                                    "self": 0.21788849999999016,
                                                    "children": {
                                                        "UnityEnvironment._generate_step_input": {
                                                            "total": 0.545335400000285,
                                                            "count": 4771,
                                                            "is_parallel": true,
                                                            "self": 0.545335400000285
                                                        },
                                                        "communicator.exchange": {
                                                            "total": 13.28604629999977,
                                                            "count": 4771,
                                                            "is_parallel": true,
                                                            "self": 13.28604629999977
                                                        },
                                                        "steps_from_proto": {
                                                            "total": 1.0748407000000313,
                                                            "count": 4771,
                                                            "is_parallel": true,
                                                            "self": 0.5899032999999321,
                                                            "children": {
                                                                "_process_vector_observation": {
                                                                    "total": 0.4849374000000992,
                                                                    "count": 19084,
                                                                    "is_parallel": true,
                                                                    "self": 0.4849374000000992
                                                                }
                                                            }
                                                        }
                                                    }
                                                }
                                            }
                                        }
                                    }
                                }
                            }
                        }
                    }
                },
                "trainer_threads": {
                    "total": 1.5500000003498826e-05,
                    "count": 1,
                    "self": 1.5500000003498826e-05,
                    "children": {
                        "thread_root": {
                            "total": 0.0,
                            "count": 0,
                            "is_parallel": true,
                            "self": 0.0,
                            "children": {
                                "trainer_advance": {
                                    "total": 84.57152659999988,
                                    "count": 5442,