{
    "name": "root",
    "gauges": {
        "Enemy.Policy.Entropy.mean": {
            "value": 8.07723331451416,
            "min": 8.07723331451416,
            "max": 8.07723331451416,
            "count": 1
        },
        "Enemy.Policy.Entropy.sum": {
            "value": 228771.46875,
            "min": 228771.46875,
            "max": 228771.46875,
            "count": 1
        },
        "Enemy.Policy.ExtrinsicValueEstimate.mean": {
            "value": 5.258105754852295,
            "min": 5.258105754852295,
            "max": 5.258105754852295,
            "count": 1
        },
        "Enemy.Policy.ExtrinsicValueEstimate.sum": {
            "value": 2529.14892578125,
            "min": 2529.14892578125,
            "max": 2529.14892578125,
            "count": 1
        },
        "Enemy.Environment.EpisodeLength.mean": {
            "value": 332.35714285714283,
            "min": 332.35714285714283,
            "max": 332.35714285714283,
            "count": 1
        },
        "Enemy.Environment.EpisodeLength.sum": {
            "value": 27918.0,
            "min": 27918.0,
            "max": 27918.0,
            "count": 1
        },
        "Enemy.Environment.CumulativeReward.mean": {
            "value": 42.61904761904762,
            "min": 42.61904761904762,
            "max": 42.61904761904762,
            "count": 1
        },
        "Enemy.Environment.CumulativeReward.sum": {
            "value": 3580.0,
            "min": 3580.0,
            "max": 3580.0,
            "count": 1
        },
        "Enemy.Policy.ExtrinsicReward.mean": {
            "value": 42.61904761904762,
            "min": 42.61904761904762,
            "max": 42.61904761904762,
            "count": 1
        },
        "Enemy.Policy.ExtrinsicReward.sum": {
            "value": 3580.0,
            "min": 3580.0,
            "max": 3580.0,
            "count": 1
        },
        "Enemy.Losses.PolicyLoss.mean": {
            "value": 0.022660584495558092,
            "min": 0.022660584495558092,
            "max": 0.022660584495558092,
            "count": 1
        },
        "Enemy.Losses.PolicyLoss.sum": {
            "value": 0.045321168991116184,
            "min": 0.045321168991116184,
            "max": 0.045321168991116184,
            "count": 1
        },
        "Enemy.Losses.ValueLoss.mean": {
            "value": 1.1193758447964988,
            "min": 1.1193758447964988,
            "max": 1.1193758447964988,
            "count": 1
        },
        "Enemy.Losses.ValueLoss.sum": {
            "value": 2.2387516895929975,
            "min": 2.2387516895929975,
            "max": 2.2387516895929975,
            "count": 1
        },
        "Enemy.Policy.LearningRate.mean": {
            "value": 7.7667974111e-06,
            "min": 7.7667974111e-06,
            "max": 7.7667974111e-06,
            "count": 1
        },
        "Enemy.Policy.LearningRate.sum": {
            "value": 1.55335948222e-05,
            "min": 1.55335948222e-05,
            "max": 1.55335948222e-05,
            "count": 1
        },
        "Enemy.Policy.Epsilon.mean": {
            "value": 0.10258890000000004,
            "min": 0.10258890000000004,
            "max": 0.10258890000000004,
            "count": 1
        },
        "Enemy.Policy.Epsilon.sum": {
            "value": 0.20517780000000008,
            "min": 0.20517780000000008,
            "max": 0.20517780000000008,
            "count": 1
        },
        "Enemy.Policy.Beta.mean": {
            "value": 0.00013918611,
            "min": 0.00013918611,
            "max": 0.00013918611,
            "count": 1
        },
        "Enemy.Policy.Beta.sum": {
            "value": 0.00027837222,
            "min": 0.00027837222,
            "max": 0.00027837222,
            "count": 1
        },
        "Enemy.IsTraining.mean": {
            "value": 1.0,
            "min": 1.0,
            "max": 1.0,
            "count": 1
        },
        "Enemy.IsTraining.sum": {
            "value": 1.0,
            "min": 1.0,
            "max": 1.0,
            "count": 1
        }
    },
    "metadata": {
        "timer_format_version": "0.1.0",
        "start_time_seconds": "1615991763",
        "python_version": "3.9.1 (tags/v3.9.1:1e5d33e, Dec  7 2020, 17:08:21) [MSC v.1927 64 bit (AMD64)]",
        "command_line_arguments": "D:\\Program Files\\Python39\\Scripts\\mlagents-learn --resume",
        "mlagents_version": "0.24.1",
        "mlagents_envs_version": "0.24.1",
        "communication_protocol_version": "1.4.0",
        "pytorch_version": "1.7.1+cu110",
        "numpy_version": "1.20.1",
        "end_time_seconds": "1615992034"
    },
    "total": 271.4847431,
    "count": 1,
    "self": 0.0033691000000430904,
    "children": {
        "run_training.setup": {
            "total": 0.024369799999999997,
            "count": 1,
            "self": 0.024369799999999997
        },
        "TrainerController.start_learning": {
            "total": 271.4570042,
            "count": 1,
            "self": 0.5679705000005697,
            "children": {
                "TrainerController._reset_env": {
                    "total": 7.5694286,
                    "count": 1,
                    "self": 7.5694286
                },
                "TrainerController.advance": {
                    "total": 263.1456643999994,
                    "count": 28372,
                    "self": 0.24816739999863557,
                    "children": {
                        "env_step": {
                            "total": 262.8974970000008,
                            "count": 28372,
                            "self": 107.3898403999996,
                            "children": {
                                "SubprocessEnvManager._take_step": {
                                    "total": 155.2431190000016,
                                    "count": 28372,
                                    "self": 1.1235576000028402,
                                    "children": {
                                        "TorchPolicy.evaluate": {
                                            "total": 154.11956139999876,
                                            "count": 28372,
                                            "self": 19.936878599996646,
                                            "children": {
                                                "TorchPolicy.sample_actions": {
                                                    "total": 134.1826828000021,
                                                    "count": 28372,
                                                    "self": 134.1826828000021
                                                }
                                            }
                                        }
                                    }
                                },
                                "workers": {
                                    "total": 0.2645375999995938,
                                    "count": 28372,
                                    "self": 0.0,
                                    "children": {
                                        "worker_root": {
                                            "total": 264.45285089999715,
                                            "count": 28372,
                                            "is_parallel": true,
                                            "self": 175.40120839999858,
                                            "children": {
                                                "steps_from_proto": {
                                                    "total": 0.0003066000000000457,
                                                    "count": 1,
                                                    "is_parallel": true,
                                                    "self": 0.00015390000000081727,